구별,인구수,면적
가평군,62197,511674.5
고양시 덕양구,487874,3287291.4
고양시 일산동구,296590,2722980.0
고양시 일산서구,290738,922486.9
과천시,77775,315666.0
광명시,288182,3397531.0
광주시,391704,786484.6
구리시,188876,912756.2999999999
군포시,266531,1455419.2
김포시,484194,5792950.0
남양주시,737366,4774379.0
동두천시,91735,3649712.0
부천시,791263,2920135.3
성남시 분당구,482026,7189216.899999999
성남시 수정구,232125,2018770.5
성남시 중원구,206211,1879880.7
수원시 권선구,313834,1417729.9
수원시 영통구,495315,4119807.0
수원시 장안구,270524,651631.2
수원시 팔달구,188701,921492.0
시흥시,512438,4250221.0
안산시 단원구,297509,2860691.3
안산시 상록구,345535,3276744.1
안성시,189146,880564.0
안양시 동안구,314102,1149033.0
안양시 만안구,234296,741237.0
양평군,122463,687374.0
여주시,113096,350087.9
연천군,42153,237176.0
오산시,229833,2271088.0
용인시 기흥구,438500,2678098.0
용인시 수지구,377198,1598214.0
용인시 처인구,259872,3105059.0
의왕시,160464,2161464.2
의정부시,463789,2249788.5
이천시,223151,2025604.0
파주시,494970,3820847.2
평택시,577335,8095243.9
포천시,147019,1825176.9000000001
하남시,325310,1676848.0
화성시,907958,7339437.6
